genome,secondary_cluster,threshold,cluster_method,comparison_algorithm,primary_cluster
QS_5_TM7_54_17.fna,1_1,0.010000000000000009,average,ANImf,1
QS_8_TM7_54_8.fna,1_2,0.010000000000000009,average,ANImf,1
SW_7_TM7_54_9.fna,1_3,0.010000000000000009,average,ANImf,1
GTDB_GCA002335145.1_Gracilibacteria_53.fna,2_0,0.010000000000000009,average,ANImf,2
PATRIC_2026720.16_Saccharibacteria_40.fna,3_0,0.010000000000000009,average,ANImf,3
PATRIC_2026720.84_Saccharibacteria_43.fna,4_0,0.010000000000000009,average,ANImf,4
GTDB_GCA002413465.1_Saccharibacteria_54.fna,5_1,0.010000000000000009,average,ANImf,5
GTDB_GCA002429485.1_Saccharibacteria_55.fna,5_1,0.010000000000000009,average,ANImf,5
GTDB_GCA004297735.1_Saccharibacteria_52.fna,6_0,0.010000000000000009,average,ANImf,6
PATRIC_2026720.91_Saccharibacteria_43.fna,7_0,0.010000000000000009,average,ANImf,7
PATRIC_2026720.85_Saccharibacteria_48.fna,8_0,0.010000000000000009,average,ANImf,8
PATRIC_2026720.97_Saccharibacteria_44.fna,9_0,0.010000000000000009,average,ANImf,9
PATRIC_2026720.96_Saccharibacteria_51.fna,10_0,0.010000000000000009,average,ANImf,10
PATRIC_2080845.3_Saccharibacteria_50.fna,11_1,0.010000000000000009,average,ANImf,11
PATRIC_2080846.3_Saccharibacteria_51.fna,11_2,0.010000000000000009,average,ANImf,11
NCBI_GCA013333515.2_Saccharibacteria_51.fna,11_3,0.010000000000000009,average,ANImf,11
PATRIC_2026720.98_Saccharibacteria_48.fna,12_1,0.010000000000000009,average,ANImf,12
PATRIC_2026720.99_Saccharibacteria_47.fna,12_1,0.010000000000000009,average,ANImf,12
PATRIC_2026720.88_Saccharibacteria_49.fna,13_0,0.010000000000000009,average,ANImf,13
AMB_024_Candidatus_Saccharibacteria_48_110.fna,14_1,0.010000000000000009,average,ANImf,14
baboon_AMB_005_Candidatus_Saccharibacteria_48_384.fna,14_1,0.010000000000000009,average,ANImf,14
baboon_AMB_007_Candidatus_Saccharibacteria_48_10.fna,14_1,0.010000000000000009,average,ANImf,14
baboon_AMB_008_Candidatus_Saccharibacteria_48_82.fna,14_1,0.010000000000000009,average,ANImf,14
baboon_AMB_011_Saccharibacteria_48_20.fna,14_1,0.010000000000000009,average,ANImf,14
baboon_AMB_014_Candidatus_Saccharibacteria_48_15.fna,14_1,0.010000000000000009,average,ANImf,14
baboon_AMB_016_Saccharibacteria_48_259.fna,14_1,0.010000000000000009,average,ANImf,14
baboon_AMB_017_Saccharibacteria_48_35.fna,14_1,0.010000000000000009,average,ANImf,14
baboon_AMB_019_Saccharibacteria_TM__48_36_48_36.fna,14_1,0.010000000000000009,average,ANImf,14
baboon_AMB_020_Saccharibacteria_TM7_48_291.fna,14_1,0.010000000000000009,average,ANImf,14
F27_Saccharibacteria_47_107.fna,14_2,0.010000000000000009,average,ANImf,14
M03_Saccharibacteria_47_29.fna,14_2,0.010000000000000009,average,ANImf,14
PATRIC_1953314.3_Saccharibacteria_47.fna,14_2,0.010000000000000009,average,ANImf,14
PATRIC_1953368.3_Saccharibacteria_47.fna,14_2,0.010000000000000009,average,ANImf,14
baboon_AMB_015_Candidatus_Saccharibacteria_48_29.fna,14_2,0.010000000000000009,average,ANImf,14
Almeida2020_MGYGHGUT00376_Saccharibacteria_45.fna,15_0,0.010000000000000009,average,ANImf,15
PATRIC_2026720.93_Saccharibacteria_46.fna,16_0,0.010000000000000009,average,ANImf,16
PATRIC_2080739.3_Saccharibacteria_48.fna,17_0,0.010000000000000009,average,ANImf,17
NCBI_GCA903825335.1_Saccharibacteria_41.fna,18_0,0.010000000000000009,average,ANImf,18
PATRIC_2026720.79_Saccharibacteria_47.fna,19_0,0.010000000000000009,average,ANImf,19
wastewater_Saccharibacteria_41_1.fna,20_0,0.010000000000000009,average,ANImf,20
Sage1_L_60_16_Saccharibacteria_55_9.fna,21_0,0.010000000000000009,average,ANImf,21
Sage2_L_20_16_Saccharibacteria_52_7.fna,22_0,0.010000000000000009,average,ANImf,22
GTDB_GCA002405355.1_Saccharibacteria_55.fna,23_1,0.010000000000000009,average,ANImf,23
GTDB_GCA002415345.1_Saccharibacteria_55.fna,23_1,0.010000000000000009,average,ANImf,23
GTDB_GCA002429365.1_Saccharibacteria_54.fna,23_1,0.010000000000000009,average,ANImf,23
Campanaro2020_METABATAS15tlH2ME213_Saccharibacteria_46.fna,24_0,0.010000000000000009,average,ANImf,24
PATRIC_2026720.92_Saccharibacteria_50.fna,25_0,0.010000000000000009,average,ANImf,25
PATRIC_2026720.95_Saccharibacteria_48.fna,26_0,0.010000000000000009,average,ANImf,26
PATRIC_2044595.24_Gracilibacteria_37.fna,27_0,0.010000000000000009,average,ANImf,27
PATRIC_2026720.14_Saccharibacteria_45.fna,28_0,0.010000000000000009,average,ANImf,28
PATRIC_2026720.18_Saccharibacteria_45.fna,29_0,0.010000000000000009,average,ANImf,29
AWTP-2_BAC_bulk_4_Saccharibacteria_45_59.fna,30_0,0.010000000000000009,average,ANImf,30
Campanaro2020_METABATAS27yjCOA140_Saccharibacteria_46.fna,31_0,0.010000000000000009,average,ANImf,31
E_GD2017-1_P0_An_GD2017L_S7_Biohub_170907_Saccharibacteria_52_20.fna,32_0,0.010000000000000009,average,ANImf,32
PATRIC_2026720.80_Saccharibacteria_47.fna,33_0,0.010000000000000009,average,ANImf,33
viral-cat_Candidatus_Saccharibacteria_47_13.fna,34_0,0.010000000000000009,average,ANImf,34
Bandla2020_GLV1604356_Saccharibacteria_54.fna,35_0,0.010000000000000009,average,ANImf,35
Bandla2020_GLV1604359_Saccharibacteria_54.fna,36_0,0.010000000000000009,average,ANImf,36
UBA6224.fna,37_0,0.010000000000000009,average,ANImf,37
Lui2020_SRX1775573bin5_Gracilibacteria_43.fna,38_1,0.010000000000000009,average,ANImf,38
Lui2020_SRX1775577bin36_Gracilibacteria_43.fna,38_1,0.010000000000000009,average,ANImf,38
Montesol18_Bp1_coassembly_Saccharibacteria_45_9.fna,39_0,0.010000000000000009,average,ANImf,39
RIFCSPHIGHO2_12_FULL_Saccharibacteria_42_8.fna,40_0,0.010000000000000009,average,ANImf,40
IMG_2514885013_Saccharibacteria_49.fna,41_1,0.010000000000000009,average,ANImf,41
PATRIC_1332188.3_Saccharibacteria_49.fna,41_1,0.010000000000000009,average,ANImf,41
UBA1594.fna,41_1,0.010000000000000009,average,ANImf,41
UBA1929.fna,41_1,0.010000000000000009,average,ANImf,41
IMG_2516143109_Saccharibacteria_49.fna,42_1,0.010000000000000009,average,ANImf,42
UBA1944.fna,42_1,0.010000000000000009,average,ANImf,42
IMG_2516143108_Saccharibacteria_51.fna,43_1,0.010000000000000009,average,ANImf,43
UBA669.fna,43_1,0.010000000000000009,average,ANImf,43
Campanaro2020_METABATAS08sgBPME207_Saccharibacteria_43.fna,44_0,0.010000000000000009,average,ANImf,44
Montesol18_Sp2_coassembly_Saccharibacteria_48_11.fna,45_0,0.010000000000000009,average,ANImf,45
FFV18_S2p5_Saccharibacteria_43_18.fna,46_1,0.010000000000000009,average,ANImf,46
FFV18_Sp65_Saccharibacteria_43_8.fna,46_1,0.010000000000000009,average,ANImf,46
Montesol18_Bp1_Candidatus_Saccharibacteria_43_16.fna,46_1,0.010000000000000009,average,ANImf,46
Montesol18_Bp1_coassembly_Saccharibacteria_43_34.fna,46_1,0.010000000000000009,average,ANImf,46
PATRIC_1953349.3_Saccharibacteria_52.fna,47_1,0.010000000000000009,average,ANImf,47
PATRIC_1953350.3_Saccharibacteria_52.fna,47_1,0.010000000000000009,average,ANImf,47
PATRIC_1953360.3_Saccharibacteria_49.fna,47_1,0.010000000000000009,average,ANImf,47
UBA4729.fna,47_1,0.010000000000000009,average,ANImf,47
UBA5145.fna,47_1,0.010000000000000009,average,ANImf,47
U2c2_Saccharibacteria_49_12.fna,48_0,0.010000000000000009,average,ANImf,48
Bandla2020_GLV1604352_Saccharibacteria_52.fna,49_0,0.010000000000000009,average,ANImf,49
L2c1_Candidatus_Saccharibacteria_49_10.fna,50_0,0.010000000000000009,average,ANImf,50
PATRIC_1953341.3_Saccharibacteria_48.fna,51_1,0.010000000000000009,average,ANImf,51
UBA4215.fna,51_1,0.010000000000000009,average,ANImf,51
UBA6175.fna,52_0,0.010000000000000009,average,ANImf,52
Lui2020_SRX3574179bin116_Saccharibacteria_46.fna,53_0,0.010000000000000009,average,ANImf,53
PATRIC_2026720.153_Saccharibacteria_43.fna,54_0,0.010000000000000009,average,ANImf,54
PATRIC_1953361.3_Saccharibacteria_46.fna,55_1,0.010000000000000009,average,ANImf,55
UBA6039.fna,55_1,0.010000000000000009,average,ANImf,55
GTDB_GCA004322265.1_Saccharibacteria_46.fna,56_0,0.010000000000000009,average,ANImf,56
CG10_big_fil_rev_8_21_14_0_10_CG_TM7_01_41_32.fna,57_1,0.010000000000000009,average,ANImf,57
CG10_big_fil_rev_8_21_14_0_10_Saccharibacteria_TM7_41_32_curated.fna,57_1,0.010000000000000009,average,ANImf,57
CG11_big_fil_rev_8_21_14_0_20_CG_TM7_01_41_19.fna,57_1,0.010000000000000009,average,ANImf,57
CG11_big_fil_rev_8_21_14_0_20_Saccharibacteria_TM7_41_19_curated.fna,57_1,0.010000000000000009,average,ANImf,57
CG22_combo_CG10-13_8_21_14_all_CG_TM7_01_41_11_Intersect_abawaca_164_maxbin2_output_138.fna,57_1,0.010000000000000009,average,ANImf,57
CG_4_10_14_0_2_um_filter_CG_TM7_01_41_11.fna,57_1,0.010000000000000009,average,ANImf,57
CG_4_9_14_0_2_um_filter_CG_TM7_01_41_9.fna,57_1,0.010000000000000009,average,ANImf,57
CG1_02_FULL_TM7_41_233_curated.fna,57_2,0.010000000000000009,average,ANImf,57
CG1_02_SUB10_Candidatus_Saccharibacteria_41_24_curated.fna,57_2,0.010000000000000009,average,ANImf,57
CG2_30_FULL_Saccharibacteria_TM7_41_52_curated.fna,57_2,0.010000000000000009,average,ANImf,57
CG2_30_FULL_TM7_41_89.fna,57_2,0.010000000000000009,average,ANImf,57
CG_2015-04_CG_TM7_01-related_40_8_curated.fna,57_2,0.010000000000000009,average,ANImf,57
CG_2015-19_TM7_Saccharibacteria_41_10.fna,57_2,0.010000000000000009,average,ANImf,57
CG_4_10_14_0_2_um_filter_Saccharibacteria_TM7_41_11_curated.fna,57_2,0.010000000000000009,average,ANImf,57
CG_4_9_14_0_2_um_filter_Saccharibacteria_TM7_41_9_curated.fna,57_2,0.010000000000000009,average,ANImf,57
UBA1547.fna,57_2,0.010000000000000009,average,ANImf,57
IMG_2582580652_Saccharibacteria_41.fna,58_0,0.010000000000000009,average,ANImf,58
PATRIC_1953348.3_Saccharibacteria_49.fna,59_1,0.010000000000000009,average,ANImf,59
PATRIC_1953359.3_Saccharibacteria_49.fna,59_1,0.010000000000000009,average,ANImf,59
UBA4727.fna,59_1,0.010000000000000009,average,ANImf,59
UBA6022.fna,59_1,0.010000000000000009,average,ANImf,59
GTDB_GCA004100325.1_Saccharibacteria_46.fna,60_0,0.010000000000000009,average,ANImf,60
UBA6040.fna,61_0,0.010000000000000009,average,ANImf,61
PATRIC_1953340.3_Saccharibacteria_47.fna,62_1,0.010000000000000009,average,ANImf,62
UBA4123.fna,62_1,0.010000000000000009,average,ANImf,62
UBA4721.fna,62_1,0.010000000000000009,average,ANImf,62
UBA5170.fna,62_1,0.010000000000000009,average,ANImf,62
AR_2015_1-01_Candidatus_Saccharibacteria_43_7_curated.fna,63_1,0.010000000000000009,average,ANImf,63
AR_2015_2-01_Candidatus_Saccharibacteria_43_9_curated.fna,63_1,0.010000000000000009,average,ANImf,63
Zodletone_Water_assembly2018_Candidatus_Saccharibacteria_43_23.fna,64_0,0.010000000000000009,average,ANImf,64
08E140C01_Z5_2013_IG3399_SUB10_TM7_39_17.fna,65_1,0.010000000000000009,average,ANImf,65
08E140C01_Z5_2013_IG3399_TM7_40_176.fna,65_1,0.010000000000000009,average,ANImf,65
BJP_IG2103_SUB100_TM7_40_14.fna,65_1,0.010000000000000009,average,ANImf,65
BJP_IG2103_SUB10_TM7_39_140.fna,65_1,0.010000000000000009,average,ANImf,65
BJP_IG2103_TM7_39_1400_curated.fna,65_1,0.010000000000000009,average,ANImf,65
BJP_IG3397_TM7_40_1951.fna,65_1,0.010000000000000009,average,ANImf,65
ig12092_Candidatus_Saccharibacteria_40_19.fna,65_1,0.010000000000000009,average,ANImf,65
ig12093_Saccharibacteria_40_354.fna,65_1,0.010000000000000009,average,ANImf,65
09V250M02_2016_bjp_ig8144_Candidatus_Saccharibacteria_40_16.fna,65_2,0.010000000000000009,average,ANImf,65
BJP_08E140C01_Saccharibacteria_40_270.fna,65_2,0.010000000000000009,average,ANImf,65
BJP_IG2069_TM7_related_41_6.fna,65_2,0.010000000000000009,average,ANImf,65
BJP_IG2102_TM7_40_180.fna,65_2,0.010000000000000009,average,ANImf,65
IG3397_SUB10_TM7_39_200.fna,65_2,0.010000000000000009,average,ANImf,65
PATRIC_2026720.32_Saccharibacteria_47.fna,66_0,0.010000000000000009,average,ANImf,66
PATRIC_2026720.5_Saccharibacteria_51.fna,67_0,0.010000000000000009,average,ANImf,67
CG_2015-01t_Candidatus_Saccharibacteria_48_29_curated.fna,68_0,0.010000000000000009,average,ANImf,68
SCNPILOT_CONT_300_BF_TM7_49_69.fna,69_1,0.010000000000000009,average,ANImf,69
SCNPILOT_EXPT_300_BF_TM7_50_19.fna,69_1,0.010000000000000009,average,ANImf,69
SCNPILOT_EXPT_750_BF_TM7_49_9.fna,69_1,0.010000000000000009,average,ANImf,69
SCNPILOT_EXPT_750_P_TM7_49_250.fna,69_1,0.010000000000000009,average,ANImf,69
SCNpilot_P_inoc_TM7_49_32.fna,69_1,0.010000000000000009,average,ANImf,69
scnpilot_dereplicated_TM7_1.fna,69_1,0.010000000000000009,average,ANImf,69
SCN18_10_11_15_R1_B_Saccharibacteria_TM7_47_12.fna,70_1,0.010000000000000009,average,ANImf,70
SCN18_25_8_15_R5_B_Saccharibacteria_TM7_47_19.fna,70_1,0.010000000000000009,average,ANImf,70
SCN18_26_2_15_R3_B_Saccharibacteria_TM7_47_55.fna,70_1,0.010000000000000009,average,ANImf,70
SCNPILOT_EXPT_300_BF_TM7_46_24.fna,70_1,0.010000000000000009,average,ANImf,70
SCN18_10_11_15_R1_P_Saccharibacteria_TM7_47_523.fna,70_2,0.010000000000000009,average,ANImf,70
SCN18_14_9_16_R2_B_Saccharibacteria_TM7_47_43.fna,70_2,0.010000000000000009,average,ANImf,70
SCN18_25_1_16_R1_B_Saccharibacteria_TM7_47_17.fna,70_2,0.010000000000000009,average,ANImf,70
SCN18_25_1_16_R2_B_Saccharibacteria_TM7_47_48.fna,70_2,0.010000000000000009,average,ANImf,70
SCN18_25_8_15_R2_B_Saccharibacteria_TM7_47_57.fna,70_2,0.010000000000000009,average,ANImf,70
SCN18_25_8_15_R4_B_Saccharibacteria_TM7_47_78.fna,70_2,0.010000000000000009,average,ANImf,70
SCN18_26_2_15_R1_B_Saccharibacteria_TM7_47_102.fna,70_2,0.010000000000000009,average,ANImf,70
SCN18_26_2_15_R1_F_Saccharibacteria_TM7_47_367.fna,70_2,0.010000000000000009,average,ANImf,70
SCN18_26_2_15_R2_B_Saccharibacteria_TM7_47_68.fna,70_2,0.010000000000000009,average,ANImf,70
SCN18_26_2_15_R2_P_Saccharibacteria_TM7_47_1048.fna,70_2,0.010000000000000009,average,ANImf,70
SCN18_26_2_15_R3_P_Saccharibacteria_TM7_47_169.fna,70_2,0.010000000000000009,average,ANImf,70
SCN18_30_10_14_R1_B_Saccharibacteria_TM7_47_12.fna,70_2,0.010000000000000009,average,ANImf,70
SCN18_30_10_14_R2_P_Saccharibacteria_TM7_47_10.fna,70_2,0.010000000000000009,average,ANImf,70
SCN18_31_3_15_R1_B_Probably_TM7_47_44.fna,70_2,0.010000000000000009,average,ANImf,70
SCN18_31_3_15_R2_B_Saccharibacteria_TM7_47_105.fna,70_2,0.010000000000000009,average,ANImf,70
SCN18_31_3_15_R4_B_Saccharibacteria_TM7_47_19.fna,70_2,0.010000000000000009,average,ANImf,70
SCNPILOT_CONT_300_BF_TM7_46_267.fna,70_2,0.010000000000000009,average,ANImf,70
SCNPILOT_CONT_750_P_TM7_47_87.fna,70_2,0.010000000000000009,average,ANImf,70
SCNPILOT_EXPT_750_P_TM7_45_91.fna,70_2,0.010000000000000009,average,ANImf,70
scnpilot_dereplicated_TM7_2.fna,70_2,0.010000000000000009,average,ANImf,70
SCNPILOT_EXPT_750_BF_TM7_47_9.fna,70_3,0.010000000000000009,average,ANImf,70
Bandla2020_GLV1604355_Saccharibacteria_46.fna,71_0,0.010000000000000009,average,ANImf,71
Bandla2020_GLV1604362_Saccharibacteria_49.fna,72_0,0.010000000000000009,average,ANImf,72
PATRIC_2026720.15_Saccharibacteria_48.fna,73_0,0.010000000000000009,average,ANImf,73
L2c1_Saccharibacteria_51_31.fna,74_0,0.010000000000000009,average,ANImf,74
L2c2_Candidatus_Saccharibacteria_48_7.fna,75_0,0.010000000000000009,average,ANImf,75
PATRIC_2026720.30_Saccharibacteria_50.fna,76_1,0.010000000000000009,average,ANImf,76
RAAC3_TM7.fna,76_1,0.010000000000000009,average,ANImf,76
NCBI_GCA014377525.1_Saccharibacteria_47.fna,77_0,0.010000000000000009,average,ANImf,77
PATRIC_2026720.126_Saccharibacteria_43.fna,78_0,0.010000000000000009,average,ANImf,78
U2c1_metabat_bin_53_sub.fna,79_1,0.010000000000000009,average,ANImf,79
U2c2_Saccharibacteria_45_43.fna,79_1,0.010000000000000009,average,ANImf,79
L2c1_concoct_92.fna,79_2,0.010000000000000009,average,ANImf,79
H1c1_Saccharibacteria_45_10.fna,80_0,0.010000000000000009,average,ANImf,80
U2c2_Saccharibacteria_47_15.fna,81_0,0.010000000000000009,average,ANImf,81
Candidatus_Saccharibacteria_bacterium_RIFCSPHIGHO2_01_FULL_46_30.fna,82_1,0.010000000000000009,average,ANImf,82
RIFCSPHIGHO2_01_FULL_Saccharibacteria_46_30.fna,82_1,0.010000000000000009,average,ANImf,82
Candidatus_Saccharibacteria_bacterium_RIFCSPHIGHO2_12_FULL_47_16.fna,82_2,0.010000000000000009,average,ANImf,82
GWC2_TM7_44_17_curated.fna,82_2,0.010000000000000009,average,ANImf,82
PATRIC_2026720.26_Saccharibacteria_46.fna,82_2,0.010000000000000009,average,ANImf,82
RIFCSPHIGHO2_12_FULL_Saccharibacteria_47_16.fna,82_2,0.010000000000000009,average,ANImf,82
AWTP-2_BAC_bulk_4_Candidatus_Saccharibacteria_48_19.fna,83_0,0.010000000000000009,average,ANImf,83
SR2-18-Sp2_coassembly_Candidatus_Saccharibacteria_48_6.fna,84_0,0.010000000000000009,average,ANImf,84
PATRIC_2026720.22_Saccharibacteria_51.fna,85_0,0.010000000000000009,average,ANImf,85
PATRIC_2026720.23_Saccharibacteria_49.fna,86_0,0.010000000000000009,average,ANImf,86
Bandla2020_GLV1604353_Saccharibacteria_50.fna,87_0,0.010000000000000009,average,ANImf,87
D48_O6.fna,88_0,0.010000000000000009,average,ANImf,88
UBA6258.fna,89_0,0.010000000000000009,average,ANImf,89
Mehrshad2020_Modernmarine.mb.163_Bacteria_47.fna,90_1,0.010000000000000009,average,ANImf,90
Mehrshad2020_Modernmarineglassbiofilm.mb.158_Bacteria_47.fna,90_1,0.010000000000000009,average,ANImf,90
GWC2_TM7_48_9.fna,91_1,0.010000000000000009,average,ANImf,91
PATRIC_2026720.28_Saccharibacteria_48.fna,91_1,0.010000000000000009,average,ANImf,91
NCBI_GCA014377345.1_Saccharibacteria_47.fna,92_0,0.010000000000000009,average,ANImf,92
PATRIC_1953356.3_Saccharibacteria_51.fna,93_1,0.010000000000000009,average,ANImf,93
UBA2340.fna,93_1,0.010000000000000009,average,ANImf,93
UBA5589.fna,93_1,0.010000000000000009,average,ANImf,93
IMG_2622736556_Saccharibacteria_51.fna,93_2,0.010000000000000009,average,ANImf,93
PATRIC_1953369.3_Saccharibacteria_51.fna,93_2,0.010000000000000009,average,ANImf,93
UBA6572.fna,93_2,0.010000000000000009,average,ANImf,93
Bandla2020_GLV1604346_Saccharibacteria_50.fna,94_0,0.010000000000000009,average,ANImf,94
viral-cat_Candidatus_Saccharibacteria_49_10.fna,95_0,0.010000000000000009,average,ANImf,95
IMG_2622736548_Saccharibacteria_47.fna,96_1,0.010000000000000009,average,ANImf,96
IMG_2622736560_Saccharibacteria_47.fna,96_1,0.010000000000000009,average,ANImf,96
PATRIC_1953313.3_Saccharibacteria_47.fna,96_1,0.010000000000000009,average,ANImf,96
UBA1050.fna,96_1,0.010000000000000009,average,ANImf,96
IMG_2622736549_Saccharibacteria_47.fna,96_2,0.010000000000000009,average,ANImf,96
IMG_2622736571_Saccharibacteria_47.fna,96_2,0.010000000000000009,average,ANImf,96
UBA6664.fna,96_3,0.010000000000000009,average,ANImf,96
PATRIC_1953312.3_Saccharibacteria_49.fna,97_1,0.010000000000000009,average,ANImf,97
PATRIC_1953323.3_Saccharibacteria_50.fna,97_1,0.010000000000000009,average,ANImf,97
PATRIC_1953355.3_Saccharibacteria_50.fna,97_1,0.010000000000000009,average,ANImf,97
UBA1022.fna,97_1,0.010000000000000009,average,ANImf,97
UBA2018.fna,97_1,0.010000000000000009,average,ANImf,97
UBA5588.fna,97_1,0.010000000000000009,average,ANImf,97
UBA6579.fna,97_1,0.010000000000000009,average,ANImf,97
IMG_2622736555_Saccharibacteria_50.fna,97_2,0.010000000000000009,average,ANImf,97
UBA2342.fna,97_2,0.010000000000000009,average,ANImf,97
IMG_2619618928_Saccharibacteria_51.fna,98_1,0.010000000000000009,average,ANImf,98
IMG_2622736551_Saccharibacteria_51.fna,98_1,0.010000000000000009,average,ANImf,98
PATRIC_1953357.3_Saccharibacteria_51.fna,98_1,0.010000000000000009,average,ANImf,98
UBA2390.fna,98_1,0.010000000000000009,average,ANImf,98
UBA2413.fna,98_1,0.010000000000000009,average,ANImf,98
UBA2951.fna,98_1,0.010000000000000009,average,ANImf,98
UBA5944.fna,98_1,0.010000000000000009,average,ANImf,98
UBA6573.fna,98_1,0.010000000000000009,average,ANImf,98
IMG_2622736552_Saccharibacteria_51.fna,99_1,0.010000000000000009,average,ANImf,99
UBA1021.fna,99_1,0.010000000000000009,average,ANImf,99
UBA2420.fna,99_1,0.010000000000000009,average,ANImf,99
UBA2952.fna,99_1,0.010000000000000009,average,ANImf,99
IMG_2622736569_Saccharibacteria_55.fna,100_0,0.010000000000000009,average,ANImf,100
PATRIC_2026720.115_Saccharibacteria_42.fna,101_1,0.010000000000000009,average,ANImf,101
PATRIC_2026720.118_Saccharibacteria_42.fna,101_1,0.010000000000000009,average,ANImf,101
PATRIC_2080849.3_Saccharibacteria_32.fna,102_1,0.010000000000000009,average,ANImf,102
Shaiber2020_ORALTCMBin00011_Saccharibacteria_33.fna,102_2,0.010000000000000009,average,ANImf,102
Almeida2020_MGYGHGUT01620_Saccharibacteria_36.fna,103_1,0.010000000000000009,average,ANImf,103
GTDB_GCA900556165.1_Saccharibacteria_36.fna,103_1,0.010000000000000009,average,ANImf,103
PATRIC_1917697.4_Saccharibacteria_35.fna,104_1,0.010000000000000009,average,ANImf,104
Shaiber2019_TM7MAGIIIB1_Saccharibacteria_35.fna,104_1,0.010000000000000009,average,ANImf,104
Almeida2020_MGYGHGUT02951_Saccharibacteria_35.fna,104_2,0.010000000000000009,average,ANImf,104
NCBI_GCA013333405.2_Saccharibacteria_36.fna,104_3,0.010000000000000009,average,ANImf,104
NCBI_GCA013333575.2_Saccharibacteria_38.fna,105_1,0.010000000000000009,average,ANImf,105
Shaiber2020_ORALPCFMAG00004_Saccharibacteria_38.fna,105_1,0.010000000000000009,average,ANImf,105
NCBI_GCA013333815.2_Saccharibacteria_38.fna,105_2,0.010000000000000009,average,ANImf,105
NCBI_GCA013333055.2_Saccharibacteria_38.fna,105_3,0.010000000000000009,average,ANImf,105
Shaiber2020_ORALPAFBin00012_Saccharibacteria_38.fna,105_4,0.010000000000000009,average,ANImf,105
PATRIC_671231.5_Saccharibacteria_40.fna,105_5,0.010000000000000009,average,ANImf,105
AWTP-2_inf_bulk_2_Saccharibacteria_41_95.fna,106_0,0.010000000000000009,average,ANImf,106
PATRIC_2026720.37_Saccharibacteria_47.fna,107_0,0.010000000000000009,average,ANImf,107
UBA2112.fna,108_0,0.010000000000000009,average,ANImf,108
NCBI_GCA013333645.2_Saccharibacteria_52.fna,109_1,0.010000000000000009,average,ANImf,109
PATRIC_1917697.3_Saccharibacteria_52.fna,109_2,0.010000000000000009,average,ANImf,109
NCBI_GCA013333765.2_Saccharibacteria_52.fna,109_3,0.010000000000000009,average,ANImf,109
NCBI_GCA013333595.2_Saccharibacteria_54.fna,110_0,0.010000000000000009,average,ANImf,110
NCBI_GCA013333495.2_Saccharibacteria_49.fna,111_0,0.010000000000000009,average,ANImf,111
NCBI_GCA903827495.1_Saccharibacteria_34.fna,112_1,0.010000000000000009,average,ANImf,112
NCBI_GCA903828465.1_Saccharibacteria_34.fna,112_1,0.010000000000000009,average,ANImf,112
NCBI_GCA903836325.1_Saccharibacteria_34.fna,112_1,0.010000000000000009,average,ANImf,112
NCBI_GCA903837875.1_Saccharibacteria_34.fna,112_1,0.010000000000000009,average,ANImf,112
NCBI_GCA903847695.1_Saccharibacteria_34.fna,112_1,0.010000000000000009,average,ANImf,112
NCBI_GCA903909915.1_Saccharibacteria_35.fna,112_1,0.010000000000000009,average,ANImf,112
NCBI_GCA014191035.1_Saccharibacteria_39.fna,113_0,0.010000000000000009,average,ANImf,113
PATRIC_2026720.65_Saccharibacteria_52.fna,114_0,0.010000000000000009,average,ANImf,114
SEAL_HS2274O_TM7_46_16_partial.fna,115_0,0.010000000000000009,average,ANImf,115
SEAL_HS2274O_TM7_47_3_9_partial.fna,116_0,0.010000000000000009,average,ANImf,116
04302015_32_Saccharibacteria_50_13.fna,117_0,0.010000000000000009,average,ANImf,117
D49_O6.fna,118_0,0.010000000000000009,average,ANImf,118
UBA6209.fna,119_0,0.010000000000000009,average,ANImf,119
Campanaro2020_METABATAS08sgBPME215_Saccharibacteria_47.fna,120_0,0.010000000000000009,average,ANImf,120
PATRIC_2026720.69_Saccharibacteria_43.fna,121_1,0.010000000000000009,average,ANImf,121
PATRIC_2026720.72_Saccharibacteria_44.fna,121_2,0.010000000000000009,average,ANImf,121
PATRIC_179883.5_Saccharibacteria_43.fna,121_3,0.010000000000000009,average,ANImf,121
PATRIC_2026720.73_Saccharibacteria_44.fna,121_4,0.010000000000000009,average,ANImf,121
PATRIC_2026720.70_Saccharibacteria_43.fna,121_5,0.010000000000000009,average,ANImf,121
PATRIC_2026720.68_Saccharibacteria_43.fna,121_6,0.010000000000000009,average,ANImf,121
PATRIC_713053.6_Saccharibacteria_42.fna,121_7,0.010000000000000009,average,ANImf,121
PATRIC_713054.3_Saccharibacteria_43.fna,121_7,0.010000000000000009,average,ANImf,121
PATRIC_713054.6_Saccharibacteria_43.fna,121_7,0.010000000000000009,average,ANImf,121
PATRIC_713054.7_Saccharibacteria_44.fna,121_7,0.010000000000000009,average,ANImf,121
PATRIC_713054.8_Saccharibacteria_43.fna,121_7,0.010000000000000009,average,ANImf,121
NCBI_GCA900757685.1_Saccharibacteria_43.fna,121_8,0.010000000000000009,average,ANImf,121
PATRIC_713054.10_Saccharibacteria_42.fna,121_9,0.010000000000000009,average,ANImf,121
PATRIC_2699179.3_Saccharibacteria_51.fna,122_1,0.010000000000000009,average,ANImf,122
PATRIC_713059.7_Saccharibacteria_51.fna,122_2,0.010000000000000009,average,ANImf,122
PATRIC_713059.4_Saccharibacteria_51.fna,122_3,0.010000000000000009,average,ANImf,122
PATRIC_713059.9_Saccharibacteria_50.fna,122_4,0.010000000000000009,average,ANImf,122
PATRIC_2699180.3_Saccharibacteria_51.fna,122_5,0.010000000000000009,average,ANImf,122
PATRIC_2699182.3_Saccharibacteria_51.fna,122_6,0.010000000000000009,average,ANImf,122
PATRIC_713059.8_Saccharibacteria_51.fna,122_7,0.010000000000000009,average,ANImf,122
PATRIC_713059.11_Saccharibacteria_51.fna,122_8,0.010000000000000009,average,ANImf,122
PATRIC_713059.3_Saccharibacteria_51.fna,122_9,0.010000000000000009,average,ANImf,122
PATRIC_2699178.3_Saccharibacteria_51.fna,122_10,0.010000000000000009,average,ANImf,122
PATRIC_713059.10_Saccharibacteria_51.fna,122_11,0.010000000000000009,average,ANImf,122
PATRIC_1476577.3_Saccharibacteria_44.fna,123_1,0.010000000000000009,average,ANImf,123
PATRIC_2572089.3_Saccharibacteria_44.fna,123_1,0.010000000000000009,average,ANImf,123
PATRIC_2572088.3_Saccharibacteria_48.fna,124_0,0.010000000000000009,average,ANImf,124
Shaiber2020_ORALPCMBin00022_Saccharibacteria_46.fna,125_0,0.010000000000000009,average,ANImf,125
PATRIC_1986206.5_Saccharibacteria_48.fna,126_1,0.010000000000000009,average,ANImf,126
Shaiber2020_ORALPDFBin00011_Saccharibacteria_48.fna,126_2,0.010000000000000009,average,ANImf,126
NCBI_GCA013333625.2_Saccharibacteria_48.fna,126_3,0.010000000000000009,average,ANImf,126
Shaiber2020_ORALPBMMAG00013_Saccharibacteria_48.fna,126_3,0.010000000000000009,average,ANImf,126
NCBI_GCA013333845.2_Saccharibacteria_48.fna,126_4,0.010000000000000009,average,ANImf,126
Shaiber2020_ORALPAFMAG00015_Saccharibacteria_48.fna,126_4,0.010000000000000009,average,ANImf,126
NCBI_GCA013333795.2_Saccharibacteria_48.fna,126_5,0.010000000000000009,average,ANImf,126
PATRIC_713049.4_Saccharibacteria_48.fna,126_6,0.010000000000000009,average,ANImf,126
GTDB_GCA004100265.1_Saccharibacteria_55.fna,127_0,0.010000000000000009,average,ANImf,127
IMG_2708742945_Saccharibacteria_45.fna,128_1,0.010000000000000009,average,ANImf,128
RIFCSPHIGHO2_12_FULL_Saccharibacteria_44_22.fna,128_1,0.010000000000000009,average,ANImf,128
Candidatus_Saccharibacteria_bacterium_RIFCSPHIGHO2_01_FULL_45_15.fna,128_2,0.010000000000000009,average,ANImf,128
Candidatus_Saccharibacteria_bacterium_RIFCSPHIGHO2_02_FULL_46_12.fna,128_2,0.010000000000000009,average,ANImf,128
Candidatus_Saccharibacteria_bacterium_RIFCSPHIGHO2_12_FULL_44_22.fna,128_2,0.010000000000000009,average,ANImf,128
RIFCSPHIGHO2_01_FULL_Saccharibacteria_45_15.fna,128_2,0.010000000000000009,average,ANImf,128
RIFCSPHIGHO2_02_FULL_Saccharibacteria_46_12.fna,128_2,0.010000000000000009,average,ANImf,128
Candidatus_Saccharibacteria_bacterium_RIFCSPHIGHO2_01_FULL_49_21.fna,129_1,0.010000000000000009,average,ANImf,129
Candidatus_Saccharibacteria_bacterium_RIFCSPHIGHO2_12_FULL_49_19.fna,129_1,0.010000000000000009,average,ANImf,129
Candidatus_Saccharibacteria_bacterium_RIFCSPLOWO2_01_FULL_49_22.fna,129_1,0.010000000000000009,average,ANImf,129
RIFCSPHIGHO2_01_FULL_Saccharibacteria_49_21.fna,129_1,0.010000000000000009,average,ANImf,129
RIFCSPHIGHO2_12_FULL_Saccharibacteria_49_19.fna,129_1,0.010000000000000009,average,ANImf,129
RIFCSPLOWO2_01_FULL_Saccharibacteria_49_22.fna,129_1,0.010000000000000009,average,ANImf,129
IMG_2236661026_Saccharibacteria_50.fna,130_1,0.010000000000000009,average,ANImf,130
NCBI_GCA013333675.2_Saccharibacteria_49.fna,130_2,0.010000000000000009,average,ANImf,130
Shaiber2019_TM7MAGIIIA1_Saccharibacteria_47.fna,130_3,0.010000000000000009,average,ANImf,130
PATRIC_2572087.3_Saccharibacteria_47.fna,131_1,0.010000000000000009,average,ANImf,131
PATRIC_713059.5_Saccharibacteria_47.fna,131_1,0.010000000000000009,average,ANImf,131
PATRIC_713059.6_Saccharibacteria_47.fna,131_2,0.010000000000000009,average,ANImf,131
NCBI_GCA013333485.2_Saccharibacteria_47.fna,131_3,0.010000000000000009,average,ANImf,131
PATRIC_2699183.3_Saccharibacteria_47.fna,131_4,0.010000000000000009,average,ANImf,131
PATRIC_2699181.3_Saccharibacteria_47.fna,131_5,0.010000000000000009,average,ANImf,131
04302015_32_Saccharibacteria_50_10.fna,132_1,0.010000000000000009,average,ANImf,132
UBA6223.fna,132_2,0.010000000000000009,average,ANImf,132
SRR7755431_Candidatus_Saccharibacteria_50_27.fna,133_0,0.010000000000000009,average,ANImf,133
SRR8890831_Candidatus_Saccharibacteria_55_56.fna,134_0,0.010000000000000009,average,ANImf,134
pig_ID_1851_F40_2_B2_Saccharibacteria_45_12.fna,135_1,0.010000000000000009,average,ANImf,135
pig_ID_1851_F40_A2_Saccharibacteria_45_13.fna,135_1,0.010000000000000009,average,ANImf,135
pig_ID_1851_F40_A1_Saccharibacteria_45_14.fna,135_2,0.010000000000000009,average,ANImf,135
pig_ID_1851_F40_2_B1_Saccharibacteria_45_18.fna,135_3,0.010000000000000009,average,ANImf,135
pig_ID_1851_F40_2_Saccharibacteria_45_10.fna,135_4,0.010000000000000009,average,ANImf,135
pig_ID_1473_F101_Saccharibacteria_45_8.fna,135_5,0.010000000000000009,average,ANImf,135
pig_ID_87_F57_Saccharibacteria_45_16.fna,135_6,0.010000000000000009,average,ANImf,135
GTDB_GCA004561445.1_Saccharibacteria_44.fna,135_7,0.010000000000000009,average,ANImf,135
NCBI_GCA900766845.1_Saccharibacteria_45.fna,135_8,0.010000000000000009,average,ANImf,135
Almeida2020_MGYGHGUT04568_Saccharibacteria_45.fna,135_9,0.010000000000000009,average,ANImf,135
PATRIC_2026720.94_Saccharibacteria_48.fna,136_0,0.010000000000000009,average,ANImf,136
AGMB2_Candidatus_Saccharibacteria_47_48.fna,137_0,0.010000000000000009,average,ANImf,137
PATRIC_1953318.3_Saccharibacteria_42.fna,138_0,0.010000000000000009,average,ANImf,138
PATRIC_2026720.128_Saccharibacteria_44.fna,139_1,0.010000000000000009,average,ANImf,139
PATRIC_2026720.38_Saccharibacteria_44.fna,139_1,0.010000000000000009,average,ANImf,139
NCBI_GCA003979435.2_Saccharibacteria_45.fna,140_1,0.010000000000000009,average,ANImf,140
NCBI_GCA013316435.1_Saccharibacteria_45.fna,140_1,0.010000000000000009,average,ANImf,140
NCBI_GCA013333375.2_Saccharibacteria_41.fna,141_1,0.010000000000000009,average,ANImf,141
Shaiber2020_ORALTCMBin00015_Saccharibacteria_41.fna,141_2,0.010000000000000009,average,ANImf,141
NCBI_GCA013332955.2_Saccharibacteria_41.fna,141_3,0.010000000000000009,average,ANImf,141
NCBI_GCA013333135.2_Saccharibacteria_41.fna,141_4,0.010000000000000009,average,ANImf,141
PATRIC_713053.3_Saccharibacteria_42.fna,142_1,0.010000000000000009,average,ANImf,142
Shaiber2020_ORALTCMBin00012_Saccharibacteria_41.fna,142_2,0.010000000000000009,average,ANImf,142
NCBI_GCA013333205.2_Saccharibacteria_41.fna,142_3,0.010000000000000009,average,ANImf,142
Shaiber2020_ORALTBMMAG00011_Saccharibacteria_41.fna,142_3,0.010000000000000009,average,ANImf,142
NCBI_GCA013333155.2_Saccharibacteria_41.fna,142_4,0.010000000000000009,average,ANImf,142
NCBI_GCA013332965.2_Saccharibacteria_41.fna,142_5,0.010000000000000009,average,ANImf,142
NCBI_GCA013333415.2_Saccharibacteria_41.fna,142_6,0.010000000000000009,average,ANImf,142
PATRIC_2080848.5_Saccharibacteria_40.fna,143_1,0.010000000000000009,average,ANImf,143
PRE3_SALIVA_Saccharibacteria_40_17.fna,143_2,0.010000000000000009,average,ANImf,143
PATRIC_2026720.86_Saccharibacteria_54.fna,144_0,0.010000000000000009,average,ANImf,144
ERR2889257_Saccharibacteria_45_320.fna,145_1,0.010000000000000009,average,ANImf,145
ERR2889262_Candidatus_Saccharibacteria_46_32.fna,145_2,0.010000000000000009,average,ANImf,145
PATRIC_1953330.3_Saccharibacteria_45.fna,145_3,0.010000000000000009,average,ANImf,145
PATRIC_1953337.3_Saccharibacteria_45.fna,146_0,0.010000000000000009,average,ANImf,146
PATRIC_1953335.3_Saccharibacteria_43.fna,147_0,0.010000000000000009,average,ANImf,147
IMG_2703719128_Saccharibacteria_42.fna,148_0,0.010000000000000009,average,ANImf,148
PATRIC_1953334.3_Saccharibacteria_40.fna,149_0,0.010000000000000009,average,ANImf,149
SRR8890831_Candidatus_Saccharibacteria_42_35.fna,150_0,0.010000000000000009,average,ANImf,150
PATRIC_1953315.3_Saccharibacteria_41.fna,151_0,0.010000000000000009,average,ANImf,151
PATRIC_1953338.3_Saccharibacteria_42.fna,152_0,0.010000000000000009,average,ANImf,152
PATRIC_2080847.3_Saccharibacteria_43.fna,153_0,0.010000000000000009,average,ANImf,153
PATRIC_1953331.3_Saccharibacteria_42.fna,154_0,0.010000000000000009,average,ANImf,154
Candidatus_Saccharibacteria_bacterium_RIFCSPHIGHO2_02_FULL_47_12.fna,155_1,0.010000000000000009,average,ANImf,155
RIFCSPHIGHO2_02_FULL_Saccharibacteria_47_12.fna,155_1,0.010000000000000009,average,ANImf,155
Campanaro2020_METABATAS4IglBPLE51_Saccharibacteria_51.fna,156_0,0.010000000000000009,average,ANImf,156
PATRIC_2026720.111_Saccharibacteria_51.fna,157_0,0.010000000000000009,average,ANImf,157
PATRIC_2026720.123_Saccharibacteria_45.fna,158_0,0.010000000000000009,average,ANImf,158
Candidatus_Saccharibacteria_bacterium_RIFCSPHIGHO2_12_FULL_41_12.fna,159_1,0.010000000000000009,average,ANImf,159
RIFCSPHIGHO2_12_FULL_Saccharibacteria_41_12.fna,159_1,0.010000000000000009,average,ANImf,159
H1c1_Saccharibacteria_51_67.fna,160_1,0.010000000000000009,average,ANImf,160
H1c2_Saccharibacteria_51_9.fna,160_1,0.010000000000000009,average,ANImf,160
H1c1_Saccharibacteria_TM7_49_7.fna,161_0,0.010000000000000009,average,ANImf,161
H1c2_Saccharibacteria_54_8.fna,162_0,0.010000000000000009,average,ANImf,162
H1c1_Saccharibacteria_TM7_50_9.fna,163_1,0.010000000000000009,average,ANImf,163
H1c2_Saccharibacteria_51_8.fna,163_1,0.010000000000000009,average,ANImf,163
H1c1_Candidatus_Saccharibacteria_51_7.fna,164_0,0.010000000000000009,average,ANImf,164
Mehrshad2020_Modernmarineglassbiofilm.mb.19_Bacteria_38.fna,165_0,0.010000000000000009,average,ANImf,165
Candidatus_Saccharibacteria_bacterium_RIFCSPHIGHO2_12_FULL_47_17.fna,166_1,0.010000000000000009,average,ANImf,166
GWA2_TM7_46_10.fna,166_1,0.010000000000000009,average,ANImf,166
PATRIC_2026720.31_Saccharibacteria_47.fna,166_1,0.010000000000000009,average,ANImf,166
RIFCSPHIGHO2_12_FULL_Saccharibacteria_47_17.fna,166_1,0.010000000000000009,average,ANImf,166
Candidatus_Saccharibacteria_bacterium_RIFCSPHIGHO2_12_FULL_47_16b.fna,167_1,0.010000000000000009,average,ANImf,167
Candidatus_Saccharibacteria_bacterium_RIFCSPLOWO2_02_FULL_46_7.fna,167_1,0.010000000000000009,average,ANImf,167
RIFCSPHIGHO2_12_FULL_Saccharibacteria_47_16b.fna,167_1,0.010000000000000009,average,ANImf,167
RIFCSPLOWO2_02_FULL_Saccharibacteria_46_7.fna,167_1,0.010000000000000009,average,ANImf,167
S_2p5_S6_coassembly_Candidatus_Saccharibacteria_52_42.fna,168_1,0.010000000000000009,average,ANImf,168
S_p1_S3_coassembly_Candidatus_Saccharibacteria_52_31.fna,168_1,0.010000000000000009,average,ANImf,168
spring2018soilphage_unknown_49_7.fna,169_1,0.010000000000000009,average,ANImf,169
viral-cat_Candidatus_Saccharibacteria_48_13.fna,169_1,0.010000000000000009,average,ANImf,169
viral-cat_Candidatus_Saccharibacteria_45_11.fna,170_0,0.010000000000000009,average,ANImf,170
viral-cat_Candidatus_Saccharibacteria_52_9.fna,171_0,0.010000000000000009,average,ANImf,171
RifSed_csp2_10ft_1_Candidatus_Saccharibacteria_49_11.fna,172_1,0.010000000000000009,average,ANImf,172
RifSed_csp2_10ft_2_Candidatus_Saccharibacteria_48_8.fna,172_1,0.010000000000000009,average,ANImf,172
GD2017-2_S1_QB3_180125_Candidatus_Saccharibacteria_50_8.fna,173_1,0.010000000000000009,average,ANImf,173
JBCH_GD18_4_SO65_S178_Candidatus_Saccharibacteria_49_23.fna,173_1,0.010000000000000009,average,ANImf,173
S_2p5_S6_coassembly_Candidatus_Saccharibacteria_49_36.fna,173_1,0.010000000000000009,average,ANImf,173
GD2018-4_B1_QB3_180703_Candidatus_Saccharibacteria_49_9.fna,173_2,0.010000000000000009,average,ANImf,173
RifSed_csp2_10ft_3_metabat_bin_373.fna,173_3,0.010000000000000009,average,ANImf,173
JBCH_GD18_4_SO65_S178_Candidatus_Saccharibacteria_49_10.fna,174_0,0.010000000000000009,average,ANImf,174
S_p1_S3_coassembly_Candidatus_Saccharibacteria_51_30.fna,175_0,0.010000000000000009,average,ANImf,175
GD2017-1_S_p1_S3_Biohub_170907_Candidatus_Saccharibacteria_48_53.fna,176_1,0.010000000000000009,average,ANImf,176
GD2017-2_S1_QB3_180125_Candidatus_Saccharibacteria_48_7.fna,176_1,0.010000000000000009,average,ANImf,176
S_p1_S3_coassembly_Candidatus_Saccharibacteria_48_99.fna,176_1,0.010000000000000009,average,ANImf,176
PATRIC_1953377.3_Saccharibacteria_50.fna,177_1,0.010000000000000009,average,ANImf,177
UBA6824.fna,177_1,0.010000000000000009,average,ANImf,177
GD2017-2_S1_QB3_180125_Candidatus_Saccharibacteria_47_11.fna,178_1,0.010000000000000009,average,ANImf,178
Genasci_Feb2018_S35_SO-1_Candidatus_Saccharibacteria_48_9.fna,178_1,0.010000000000000009,average,ANImf,178
JBCH_GD18_4_SO65_S178_Candidatus_Saccharibacteria_47_11.fna,178_1,0.010000000000000009,average,ANImf,178
S_p2_S4_coassembly_Candidatus_Saccharibacteria_47_48.fna,178_1,0.010000000000000009,average,ANImf,178
CG10_big_fil_rev_8_21_14_0_10_CPR_Bacteria_47_8.fna,179_1,0.010000000000000009,average,ANImf,179
CG10_big_fil_rev_8_21_14_0_10_Saccharibacteria_47_8_curated.fna,179_1,0.010000000000000009,average,ANImf,179
SR2-17_Biohub_180515_Candidatus_Saccharibacteria_49_10.fna,180_0,0.010000000000000009,average,ANImf,180
GD2017-1_S_p1_S3_Biohub_170907_Candidatus_Saccharibacteria_46_123.fna,181_1,0.010000000000000009,average,ANImf,181
GD2017-1_S_p2_S4_Biohub_170907_Candidatus_Saccharibacteria_47_26.fna,181_1,0.010000000000000009,average,ANImf,181
GD2017-2_S1_QB3_180125_Candidatus_Saccharibacteria_47_18.fna,181_1,0.010000000000000009,average,ANImf,181
Genasci_Feb2018_S35_SO-1_Candidatus_Saccharibacteria_47_11.fna,181_1,0.010000000000000009,average,ANImf,181
JBCH_GD18_4_SO65_S178_Candidatus_Saccharibacteria_47_15.fna,181_1,0.010000000000000009,average,ANImf,181
S_p1_S3_coassembly_Candidatus_Saccharibacteria_47_255.fna,181_1,0.010000000000000009,average,ANImf,181
S_p2_S4_coassembly_Candidatus_Saccharibacteria_47_52.fna,181_1,0.010000000000000009,average,ANImf,181
GD2017-1_S_p2_S4_Biohub_170907_Candidatus_Saccharibacteria_46_30.fna,182_1,0.010000000000000009,average,ANImf,182
GD2017-2_S1_QB3_180125_Candidatus_Saccharibacteria_46_10.fna,182_1,0.010000000000000009,average,ANImf,182
Genasci_Feb2018_S35_SO-1_Candidatus_Saccharibacteria_46_12.fna,182_1,0.010000000000000009,average,ANImf,182
JBCH_GD18_4_SO65_S178_Candidatus_Saccharibacteria_46_14.fna,182_1,0.010000000000000009,average,ANImf,182
S_2p5_S6_coassembly_Candidatus_Saccharibacteria_46_73.fna,182_1,0.010000000000000009,average,ANImf,182
S_p1_S3_coassembly_Candidatus_Saccharibacteria_46_180.fna,182_1,0.010000000000000009,average,ANImf,182
S_p2_S4_coassembly_Candidatus_Saccharibacteria_46_59.fna,182_1,0.010000000000000009,average,ANImf,182
GD2017-1_S_p1_S3_Biohub_170907_Candidatus_Saccharibacteria_47_86.fna,182_2,0.010000000000000009,average,ANImf,182
PATRIC_2026720.33_Saccharibacteria_45.fna,183_1,0.010000000000000009,average,ANImf,183
PATRIC_2026720.76_Saccharibacteria_44.fna,183_1,0.010000000000000009,average,ANImf,183
PATRIC_2026720.77_Saccharibacteria_44.fna,183_1,0.010000000000000009,average,ANImf,183
PATRIC_2026720.78_Saccharibacteria_45.fna,183_1,0.010000000000000009,average,ANImf,183
PATRIC_2026720.81_Saccharibacteria_44.fna,183_1,0.010000000000000009,average,ANImf,183
Campanaro2020_METABATAS27yjCOA208_Saccharibacteria_50.fna,184_0,0.010000000000000009,average,ANImf,184
PATRIC_2026720.101_Saccharibacteria_49.fna,185_0,0.010000000000000009,average,ANImf,185
PATRIC_2026720.113_Saccharibacteria_43.fna,186_1,0.010000000000000009,average,ANImf,186
PATRIC_2026720.117_Saccharibacteria_43.fna,186_1,0.010000000000000009,average,ANImf,186
PATRIC_2026720.114_Saccharibacteria_45.fna,187_0,0.010000000000000009,average,ANImf,187
IMG_2514885014_Saccharibacteria_53.fna,188_1,0.010000000000000009,average,ANImf,188
IMG_2515154040_Saccharibacteria_53.fna,188_1,0.010000000000000009,average,ANImf,188
UBA1932.fna,188_1,0.010000000000000009,average,ANImf,188
LAC_NA09_Candidatus_Saccharibacteria_41_28.fna,189_1,0.010000000000000009,average,ANImf,189
LAC_NA11_Candidatus_Saccharibacteria_41_18.fna,189_1,0.010000000000000009,average,ANImf,189
NA01_Candidatus_Saccharibacteria_41_22.fna,189_1,0.010000000000000009,average,ANImf,189
NA02_Candidatus_Saccharibacteria_41_13.fna,189_1,0.010000000000000009,average,ANImf,189
NA03_Candidatus_Saccharibacteria_41_218.fna,189_1,0.010000000000000009,average,ANImf,189
NA05_Candidatus_Saccharibacteria_41_112.fna,189_1,0.010000000000000009,average,ANImf,189
LAC_NA10_Candidatus_Saccharibacteria_41_376.fna,189_2,0.010000000000000009,average,ANImf,189
NA04_Candidatus_Saccharibacteria_41_123.fna,189_2,0.010000000000000009,average,ANImf,189
CG19_WC_8_21_14_NA_150_Candidatus_Saccharibacteria_47_15.fna,190_0,0.010000000000000009,average,ANImf,190
PATRIC_2026720.66_Saccharibacteria_50.fna,191_0,0.010000000000000009,average,ANImf,191
Bandla2020_GLV1604364_Saccharibacteria_50.fna,192_0,0.010000000000000009,average,ANImf,192
PATRIC_2026720.127_Saccharibacteria_48.fna,193_0,0.010000000000000009,average,ANImf,193
E_GD2017-1_P0_An_GD2017L_S7_Biohub_170907_Saccharibacteria_42_504.fna,194_1,0.010000000000000009,average,ANImf,194
E_GD2017-1_P0_An_pond3_S8_Biohub_170907_Saccharibacteria_42_308.fna,194_1,0.010000000000000009,average,ANImf,194
E_GD2017-2_urea-3_S16_GE16_Biohub_170515_Saccharibacteria_42_17.fna,194_1,0.010000000000000009,average,ANImf,194
AWTP-2_BAC_bulk_4_Candidatus_Saccharibacteria_43_29.fna,195_0,0.010000000000000009,average,ANImf,195
AWTP-2_BAC_bulk_4_Saccharibacteria_51_18.fna,196_0,0.010000000000000009,average,ANImf,196
Candidatus_Saccharibacteria_bacterium_RIFCSPHIGHO2_01_FULL_48_12.fna,197_1,0.010000000000000009,average,ANImf,197
Candidatus_Saccharibacteria_bacterium_RIFCSPHIGHO2_12_FULL_48_21.fna,197_1,0.010000000000000009,average,ANImf,197
Candidatus_Saccharibacteria_bacterium_RIFCSPLOWO2_01_FULL_48_13.fna,197_1,0.010000000000000009,average,ANImf,197
RIFCSPHIGHO2_01_FULL_Saccharibacteria_48_12.fna,197_1,0.010000000000000009,average,ANImf,197
RIFCSPHIGHO2_12_FULL_Saccharibacteria_48_21.fna,197_1,0.010000000000000009,average,ANImf,197
RIFCSPLOWO2_01_FULL_Saccharibacteria_48_13.fna,197_1,0.010000000000000009,average,ANImf,197
IMG_3300016254_Saccharibacteria_47.fna,198_0,0.010000000000000009,average,ANImf,198
PATRIC_2044938.5_Absconditabacteria_32.fna,199_0,0.010000000000000009,average,ANImf,199
AWTP-2_BAC_bulk_4_Candidatus_Saccharibacteria_46_20.fna,200_0,0.010000000000000009,average,ANImf,200
NCBI_GCA013815775.1_Saccharibacteria_45.fna,201_0,0.010000000000000009,average,ANImf,201
SR2-17_Biohub_180515_Candidatus_Saccharibacteria_42_11.fna,202_1,0.010000000000000009,average,ANImf,202
SR2-18-Sp2_coassembly_Candidatus_Saccharibacteria_42_3.fna,202_1,0.010000000000000009,average,ANImf,202
NCBI_GCA013694995.1_Saccharibacteria_45.fna,203_0,0.010000000000000009,average,ANImf,203
Sage2_L_80_16_Saccharibacteria_181.fna,204_0,0.010000000000000009,average,ANImf,204
Sage2_R_80_16_Saccharibacteria_173.fna,205_0,0.010000000000000009,average,ANImf,205
PATRIC_2026720.35_Saccharibacteria_49.fna,206_0,0.010000000000000009,average,ANImf,206
NCBI_GCA903829335.1_Saccharibacteria_37.fna,207_1,0.010000000000000009,average,ANImf,207
NCBI_GCA903840315.1_Saccharibacteria_37.fna,207_1,0.010000000000000009,average,ANImf,207
NCBI_GCA903847025.1_Saccharibacteria_37.fna,207_1,0.010000000000000009,average,ANImf,207
NCBI_GCA903856615.1_Saccharibacteria_37.fna,207_1,0.010000000000000009,average,ANImf,207
NCBI_GCA903859325.1_Saccharibacteria_37.fna,207_1,0.010000000000000009,average,ANImf,207
NCBI_GCA903870285.1_Saccharibacteria_37.fna,207_1,0.010000000000000009,average,ANImf,207
NCBI_GCA903893275.1_Saccharibacteria_37.fna,207_1,0.010000000000000009,average,ANImf,207
NCBI_GCA903894915.1_Saccharibacteria_37.fna,207_1,0.010000000000000009,average,ANImf,207
NCBI_GCA903918245.1_Saccharibacteria_37.fna,207_1,0.010000000000000009,average,ANImf,207
NCBI_GCA903826645.1_Saccharibacteria_37.fna,207_2,0.010000000000000009,average,ANImf,207
NCBI_GCA903839435.1_Saccharibacteria_37.fna,207_3,0.010000000000000009,average,ANImf,207
NCBI_GCA903837565.1_Saccharibacteria_35.fna,208_1,0.010000000000000009,average,ANImf,208
NCBI_GCA903883035.1_Saccharibacteria_35.fna,208_1,0.010000000000000009,average,ANImf,208
NCBI_GCA903900685.1_Saccharibacteria_35.fna,208_1,0.010000000000000009,average,ANImf,208
NCBI_GCA903820205.1_Saccharibacteria_37.fna,209_1,0.010000000000000009,average,ANImf,209
NCBI_GCA903877025.1_Saccharibacteria_37.fna,209_1,0.010000000000000009,average,ANImf,209
NCBI_GCA903881855.1_Saccharibacteria_37.fna,209_1,0.010000000000000009,average,ANImf,209
NCBI_GCA903915375.1_Saccharibacteria_37.fna,209_1,0.010000000000000009,average,ANImf,209
NCBI_GCA903839515.1_Saccharibacteria_37.fna,209_2,0.010000000000000009,average,ANImf,209
NCBI_GCA903925195.1_Saccharibacteria_36.fna,210_0,0.010000000000000009,average,ANImf,210
PATRIC_2026720.20_Saccharibacteria_45.fna,211_0,0.010000000000000009,average,ANImf,211
SM_S39_TM7_50_16.fna,212_1,0.010000000000000009,average,ANImf,212
YM_S32_TM7_50_20_curated.fna,212_1,0.010000000000000009,average,ANImf,212
NCBI_GCA903819735.1_Saccharibacteria_42.fna,213_0,0.010000000000000009,average,ANImf,213
H2c1_Saccharibacteria_49_6.fna,214_0,0.010000000000000009,average,ANImf,214
NCBI_GCA903821315.1_Saccharibacteria_40.fna,215_1,0.010000000000000009,average,ANImf,215
NCBI_GCA903831735.1_Saccharibacteria_40.fna,215_1,0.010000000000000009,average,ANImf,215
NCBI_GCA903832815.1_Saccharibacteria_39.fna,215_1,0.010000000000000009,average,ANImf,215
NCBI_GCA903859365.1_Saccharibacteria_40.fna,215_1,0.010000000000000009,average,ANImf,215
NCBI_GCA903853925.1_Saccharibacteria_40.fna,216_1,0.010000000000000009,average,ANImf,216
NCBI_GCA903920345.1_Saccharibacteria_39.fna,216_1,0.010000000000000009,average,ANImf,216
PATRIC_1953344.3_Saccharibacteria_52.fna,217_1,0.010000000000000009,average,ANImf,217
PATRIC_1953351.3_Saccharibacteria_52.fna,217_1,0.010000000000000009,average,ANImf,217
PATRIC_1953346.3_Saccharibacteria_53.fna,218_1,0.010000000000000009,average,ANImf,218
PATRIC_1953353.3_Saccharibacteria_52.fna,218_2,0.010000000000000009,average,ANImf,218
NCBI_GCA013815785.1_Saccharibacteria_44.fna,219_0,0.010000000000000009,average,ANImf,219
CG19_WC_8_21_14_NA_150_Candidatus_Saccharibacteria_51_44.fna,220_1,0.010000000000000009,average,ANImf,220
Lui2020_SRX3348993bin93_Saccharibacteria_51.fna,220_1,0.010000000000000009,average,ANImf,220
PATRIC_2026720.27_Saccharibacteria_51.fna,220_1,0.010000000000000009,average,ANImf,220
E_GD2017-2_strous-5-pellet_S19_GE19_Biohub_170515_Saccharibacteria_42_10.fna,221_1,0.010000000000000009,average,ANImf,221
E_GD2017-2_urea-3_S16_GE16_Biohub_170515_Saccharibacteria_42_38.fna,221_1,0.010000000000000009,average,ANImf,221
NCBI_GCA903937695.1_Saccharibacteria_41.fna,222_1,0.010000000000000009,average,ANImf,222
NCBI_GCA903946795.1_Saccharibacteria_42.fna,222_1,0.010000000000000009,average,ANImf,222
PATRIC_2026720.17_Saccharibacteria_43.fna,223_0,0.010000000000000009,average,ANImf,223
DOLZORAL124_TM7_54_13_A.fna,224_0,0.010000000000000009,average,ANImf,224
PATRIC_2026720.100_Saccharibacteria_56.fna,225_0,0.010000000000000009,average,ANImf,225
S6_FULL_Saccharibacteria1_0p8.fna,226_0,0.010000000000000009,average,ANImf,226
DOLJORAL78_TM7_51_182.fna,227_1,0.010000000000000009,average,ANImf,227
DOLZORAL124_TM7_51_31.fna,227_1,0.010000000000000009,average,ANImf,227
DOLZORAL124_TM7_55_12.fna,228_0,0.010000000000000009,average,ANImf,228
Bandla2020_GLV1604351_Saccharibacteria_43.fna,229_0,0.010000000000000009,average,ANImf,229
L1c2_Saccharibacteria_47_7.fna,230_0,0.010000000000000009,average,ANImf,230
Bandla2020_GLV1604357_Saccharibacteria_54.fna,231_0,0.010000000000000009,average,ANImf,231
Bandla2020_GLV1604358_Saccharibacteria_51.fna,232_0,0.010000000000000009,average,ANImf,232
PATRIC_1953352.3_Saccharibacteria_54.fna,233_1,0.010000000000000009,average,ANImf,233
UBA5150.fna,233_1,0.010000000000000009,average,ANImf,233
CG_4_10_14_0_2_um_filter_Candidatus_Saccharibacteria_52_9.fna,234_1,0.010000000000000009,average,ANImf,234
CG_4_10_14_0_2_um_filter_Saccharibacteria_52_9_curated.fna,234_1,0.010000000000000009,average,ANImf,234
AWTP-2_BAC_bulk_4_Saccharibacteria_55_19.fna,235_0,0.010000000000000009,average,ANImf,235
Bandla2020_GLV1604354_Saccharibacteria_53.fna,236_0,0.010000000000000009,average,ANImf,236
RL11_Saccharibacteria_56_12.fna,237_0,0.010000000000000009,average,ANImf,237
UBA7683.fna,238_0,0.010000000000000009,average,ANImf,238
D31_L19.fna,239_0,0.010000000000000009,average,ANImf,239
wastewater_Absconditabacteria_33_1_curated.fna,240_0,0.010000000000000009,average,ANImf,240
NCBI_GCA013816445.1_Saccharibacteria_40.fna,241_0,0.010000000000000009,average,ANImf,241
alan_book_18_Saccharibacteria-like_48_71.fna,242_0,0.010000000000000009,average,ANImf,242
NCBI_GCA013332525.2_Gracilibacteria_37.fna,243_1,0.010000000000000009,average,ANImf,243
PATRIC_1914866.3_Gracilibacteria_37.fna,243_2,0.010000000000000009,average,ANImf,243
GTDB_GCA002426885.1_Gracilibacteria_43.fna,244_0,0.010000000000000009,average,ANImf,244
PATRIC_2044595.12_Gracilibacteria_35.fna,245_0,0.010000000000000009,average,ANImf,245
NCBI_GCA014377245.1_Gracilibacteria_41.fna,246_0,0.010000000000000009,average,ANImf,246
NCBI_GCA014377305.1_Gracilibacteria_42.fna,247_0,0.010000000000000009,average,ANImf,247
NCBI_GCA013268835.1_Gracilibacteria_36.fna,248_0,0.010000000000000009,average,ANImf,248
wastewater_Gracilibacteria_37_1_curated.fna,249_0,0.010000000000000009,average,ANImf,249
PATRIC_2044595.20_Gracilibacteria_38.fna,250_0,0.010000000000000009,average,ANImf,250
Mehrshad2020_Modernmarine.mb.230_Absconditabacteria_34.fna,251_1,0.010000000000000009,average,ANImf,251
Mehrshad2020_Modernmarinerockbiofilm.mb.100_Absconditabacteria_35.fna,251_1,0.010000000000000009,average,ANImf,251
CG_4_9_14_3_um_filter_150_SR1_40_9.fna,252_0,0.010000000000000009,average,ANImf,252
NCBI_GCA003488625.1_Gracilibacteria_35.fna,253_1,0.010000000000000009,average,ANImf,253
SR1_ACD80.fna,253_1,0.010000000000000009,average,ANImf,253
ALUMROCK_MS4_SR1_33_49_curated.fna,254_1,0.010000000000000009,average,ANImf,254
Alum_Rock_2019_MS11_SR1_candidate_32_9.fna,254_1,0.010000000000000009,average,ANImf,254
GD2017-1_manure_QB3_180125_SR1_candidate_33_10.fna,255_0,0.010000000000000009,average,ANImf,255
wastewater_Absconditabacteria_38_1.fna,256_0,0.010000000000000009,average,ANImf,256
wastewater_possibly_Absconditabacteria_33_1.fna,257_0,0.010000000000000009,average,ANImf,257
PATRIC_2044938.10_Absconditabacteria_37.fna,258_0,0.010000000000000009,average,ANImf,258
PATRIC_2044938.9_Absconditabacteria_34.fna,259_0,0.010000000000000009,average,ANImf,259
NCBI_GCA003543185.1_Gracilibacteria_31.fna,260_1,0.010000000000000009,average,ANImf,260
SR1_RAAC1.fna,260_1,0.010000000000000009,average,ANImf,260
GTDB_GCA002414185.1_Absconditabacteria_31.fna,261_1,0.010000000000000009,average,ANImf,261
NCBI_GCA003519285.1_Gracilibacteria_31.fna,261_1,0.010000000000000009,average,ANImf,261
Campanaro2020_METABATAS07pgkLD119_Saccharibacteria_39.fna,262_0,0.010000000000000009,average,ANImf,262
PATRIC_2026720.19_Saccharibacteria_38.fna,263_0,0.010000000000000009,average,ANImf,263
PATRIC_1540874.3_Absconditabacteria_38.fna,264_1,0.010000000000000009,average,ANImf,264
Shaiber2019_SR1MAGIVA2_Absconditabacteria_38.fna,264_2,0.010000000000000009,average,ANImf,264
Shaiber2020_ORALPBFBin00032_Absconditabacteria_39.fna,264_3,0.010000000000000009,average,ANImf,264
TERM1_SALIVA_Absconditabacteria_SR1_36_29_table25.fna,265_0,0.010000000000000009,average,ANImf,265
IMG_2517572135_Absconditabacteria_36.fna,266_1,0.010000000000000009,average,ANImf,266
PATRIC_1293577.3_Absconditabacteria_36.fna,266_1,0.010000000000000009,average,ANImf,266
NCBI_GCA013333915.2_Absconditabacteria_36.fna,266_2,0.010000000000000009,average,ANImf,266
Shaiber2020_ORALPAFMAG00010_Absconditabacteria_36.fna,266_2,0.010000000000000009,average,ANImf,266
NCBI_GCA013333605.2_Absconditabacteria_36.fna,266_3,0.010000000000000009,average,ANImf,266
Shaiber2020_ORALPCFBin00011_Absconditabacteria_36.fna,266_4,0.010000000000000009,average,ANImf,266
NCBI_GCA013333295.2_Absconditabacteria_35.fna,267_0,0.010000000000000009,average,ANImf,267
GTDB_GCA002361595.1_Absconditabacteria_30.fna,268_0,0.010000000000000009,average,ANImf,268
PH2017_17_BER_D_A_filtered_SR1_candidate_32_6.fna,269_1,0.010000000000000009,average,ANImf,269
PH2017_17_BER_D_A_full_SR-1_test_32_6.fna,269_1,0.010000000000000009,average,ANImf,269
PH2015_14_SR1_33_33.fna,269_2,0.010000000000000009,average,ANImf,269
ph2015_02_Absconditabacteria_SR1_33_7_curated.fna,269_2,0.010000000000000009,average,ANImf,269
19_LumberBridge_sub10_Maybe_SR1_34_6.fna,269_3,0.010000000000000009,average,ANImf,269
GTDB_GCA002435385.1_Gracilibacteria_27.fna,270_0,0.010000000000000009,average,ANImf,270
ACD49.fna,271_1,0.010000000000000009,average,ANImf,271
NCBI_GCA003488725.1_Gracilibacteria_27.fna,271_1,0.010000000000000009,average,ANImf,271
NCBI_GCA003512235.1_Gracilibacteria_27.fna,271_1,0.010000000000000009,average,ANImf,271
DOLJORAL78_BD1-5_24_7.fna,272_0,0.010000000000000009,average,ANImf,272
CG13_big_fil_rev_8_21_14_2_50_CG_GN02_01_38_23__CG13_big_fil_rev_8_21_14_2_50_CG_BD1-5_01_38_23.fna,273_1,0.010000000000000009,average,ANImf,273
CG18_big_fil_WC_8_21_14_2_50_CG_GN02_01_38_16.fna,273_1,0.010000000000000009,average,ANImf,273
PATRIC_1974579.4_Gracilibacteria_38.fna,273_1,0.010000000000000009,average,ANImf,273
PATRIC_1974581.4_Gracilibacteria_38.fna,273_1,0.010000000000000009,average,ANImf,273
PATRIC_2044595.22_Gracilibacteria_38.fna,273_1,0.010000000000000009,average,ANImf,273
GTDB_GCA002323075.1_Gracilibacteria_38.fna,273_2,0.010000000000000009,average,ANImf,273
PATRIC_1805210.18_Gracilibacteria_38.fna,273_2,0.010000000000000009,average,ANImf,273
PATRIC_1974577.4_Gracilibacteria_38.fna,273_2,0.010000000000000009,average,ANImf,273
PATRIC_1974578.4_Gracilibacteria_38.fna,273_2,0.010000000000000009,average,ANImf,273
PATRIC_1805211.18_Gracilibacteria_37.fna,274_0,0.010000000000000009,average,ANImf,274
PATRIC_2044595.17_Gracilibacteria_42.fna,275_0,0.010000000000000009,average,ANImf,275
ACD4.fna,276_0,0.010000000000000009,average,ANImf,276
ALUMROCK_MS4_BD1-5_24_44_curated.fna,277_1,0.010000000000000009,average,ANImf,277
AR_2015_1-01_BD1-5_23_19_curated.fna,277_1,0.010000000000000009,average,ANImf,277
AR_2015_1-065_BD1-5_24_6_curated.fna,277_1,0.010000000000000009,average,ANImf,277
AR_2015_2-01_BD1-5_23_23_curated.fna,277_1,0.010000000000000009,average,ANImf,277
Alum_Rock_2019_MS4_test_Gracili_bin_23_66.fna,277_1,0.010000000000000009,average,ANImf,277
ALUMROCK_MS4_BD1-5_24_33_curated.fna,277_2,0.010000000000000009,average,ANImf,277
AR_2015_2-065_BD1-5_24_8_curated.fna,277_2,0.010000000000000009,average,ANImf,277
GTDB_GCA002412935.1_Gracilibacteria_24.fna,278_0,0.010000000000000009,average,ANImf,278
PATRIC_2044595.21_Gracilibacteria_26.fna,279_0,0.010000000000000009,average,ANImf,279
GTDB_GCA002470645.1_Gracilibacteria_26.fna,280_0,0.010000000000000009,average,ANImf,280
ACD3.fna,281_0,0.010000000000000009,average,ANImf,281
Alum_Rock_2019_MS4_BD1-5-probably_22_121.fna,282_0,0.010000000000000009,average,ANImf,282
CG_2015-13_Gracilibacteria_32_15_curated.fna,283_0,0.010000000000000009,average,ANImf,283
PATRIC_1540872.6_Gracilibacteria_25.fna,284_1,0.010000000000000009,average,ANImf,284
Shaiber2019_GN02MAGIVB2_Gracilibacteria_25.fna,284_2,0.010000000000000009,average,ANImf,284
NCBI_GCA013333755.2_Gracilibacteria_25.fna,284_3,0.010000000000000009,average,ANImf,284
PATRIC_1912928.3_Gracilibacteria_25.fna,285_1,0.010000000000000009,average,ANImf,285
Shaiber2019_GN02MAGIVB1_Gracilibacteria_25.fna,285_2,0.010000000000000009,average,ANImf,285
NCBI_GCA013368515.1_Gracilibacteria_24.fna,286_1,0.010000000000000009,average,ANImf,286
PATRIC_2044595.35_Gracilibacteria_24.fna,286_1,0.010000000000000009,average,ANImf,286
ALUMROCK_MS4_BD1-5_23_16_curated.fna,287_1,0.010000000000000009,average,ANImf,287
Alum_Rock_2019_MS4_Code_25_test_23_84.fna,287_1,0.010000000000000009,average,ANImf,287
GTDB_GCA002422305.1_Gracilibacteria_21.fna,288_0,0.010000000000000009,average,ANImf,288
IMG_2747842437_Gracilibacteria_24.fna,289_1,0.010000000000000009,average,ANImf,289
IMG_2747842438_Gracilibacteria_24.fna,289_1,0.010000000000000009,average,ANImf,289
zodeltone_water_Bacteria_maybe_BD1-5_23_2301.fna,290_0,0.010000000000000009,average,ANImf,290
PATRIC_1130342.4_Gracilibacteria_23.fna,291_0,0.010000000000000009,average,ANImf,291
IMG_2634166888_Gracilibacteria_26.fna,292_0,0.010000000000000009,average,ANImf,292
IMG_2636415965_Gracilibacteria_26.fna,293_0,0.010000000000000009,average,ANImf,293
NCBI_GCA013350265.1_Gracilibacteria_26.fna,294_1,0.010000000000000009,average,ANImf,294
PATRIC_2044595.33_Gracilibacteria_26.fna,294_1,0.010000000000000009,average,ANImf,294
BD02T64_BD1-5.fna,295_1,0.010000000000000009,average,ANImf,295
BD02T64_GN02_29_42.fna,295_1,0.010000000000000009,average,ANImf,295
PATRIC_1862133.3_Gracilibacteria_29.fna,295_1,0.010000000000000009,average,ANImf,295
PATRIC_1643353.28_Absconditabacteria_33.fna,296_0,0.010000000000000009,average,ANImf,296
PATRIC_2044938.8_Absconditabacteria_33.fna,297_0,0.010000000000000009,average,ANImf,297
CG17_big_fil_post_rev_8_21_14_2_50_Gracilibacteria_48_13_curated.fna,298_0,0.010000000000000009,average,ANImf,298
